_meta.locale,en,ar,de-DE,es-419,es-ES,fr-FR,hi-IN,id,it-IT,ja-JP,km,ko-KR,pl-PL,pt-BR,th,vi-VN,zh-CN
_meta.language_name,English,Arabic,German (Germany),Spanish (Latin America),Spanish (Spain),French (France),Hindi (India),Indonesian,Italian (Italy),Japanese (Japan),Khmer,Korean (South Korea),Polish (Poland),Portuguese (Brazil),Thai,Vietnamese (Vietnam),Chinese (Simplified)
_meta.native_name,English,العربية,Deutsch (Deutschland),Español (Latinoamérica),Español (España),Français (France),हिन्दी (भारत),Bahasa Indonesia,Italiano (Italia),日本語 (日本),ភាសាខ្មែរ,한국어 (대한민국),Polski (Polska),Português (Brasil),ไทย,Tiếng Việt (Việt Nam),中文 (简体)
button.archive,Archive,أرشيف,Archiv,Archivo,Archivo,Archive,पुरालेख,Arsip,Archivio,アーカイブ,បណ្ណសារ,보관소,Archiwum,Arquivo,คลังเก็บเอกสารสำคัญ,Lưu trữ,档案
button.cancel,Cancel,يلغي,Stornieren,Cancelar,Cancelar,Annuler,रद्द करना,Membatalkan,Cancellare,キャンセル,បោះបង់,취소,Anulować,Cancelar,ยกเลิก,Hủy bỏ,取消
button.clear,Clear,واضح,Klar,Claro,Claro,Clair,स्पष्ट,Jernih,Chiaro,クリア,ច្បាស់,분명한,Jasne,Claro,ชัดเจน,Thông thoáng,清除
button.delete,Delete,يمسح,Löschen,Borrar,Borrar,Supprimer,मिटाना,Menghapus,Eliminare,消去,លុប,삭제,Usuwać,Excluir,ลบ,Xóa bỏ,删除
button.delete_from_google_drive,Delete from Google Drive,حذف من جوجل درايف,Von Google Drive löschen,Eliminar de Google Drive,Eliminar de Google Drive,Supprimer de Google Drive,Google Drive से हटाएं,Hapus dari Google Drive,Elimina da Google Drive,Googleドライブから削除,លុបចេញពី Google Drive,Google 드라이브에서 삭제,Usuń z Dysku Google,Excluir do Google Drive,ลบออกจาก Google ไดรฟ์,Xóa khỏi Google Drive,从 Google 云端硬盘中删除
button.discard,Discard,ينبذ,Verwerfen,Desechar,Desechar,Jeter,खारिज करना,Membuang,Scartare,破棄,បោះបង់,버리다,Wyrzucać,Descartar,ทิ้ง,Loại bỏ,丢弃
button.done,Done,منتهي,Erledigt,Hecho,Hecho,Fait,हो गया,Selesai,Fatto,終わり,រួចរាល់,완료,Zrobione,Feito,เสร็จแล้ว,Xong,完毕
button.edit,Edit,يحرر,Bearbeiten,Editar,Editar,Modifier,संपादन करना,Sunting,Modificare,編集,កែសម្រួល,편집하다,Redagować,Editar,แก้ไข,Biên tập,编辑
button.export,Export,يصدّر,Export,Exportar,Exportar,Exporter,निर्यात,Ekspor,Esportare,輸出,នាំចេញ,내보내다,Eksport,Exportar,ส่งออก,Xuất khẩu,出口
button.import,Import,يستورد,Import,Importar,Importar,Importer,आयात,Impor,Importare,輸入,នាំចូល,수입,Import,Importar,นำเข้า,Nhập khẩu,进口
button.info,Info,معلومات,Info,Información,Información,Informations,जानकारी,Informasi,Informazioni,情報,ព័ត៌មាន,정보,Informacje,Informações,ข้อมูล,Thông tin,信息
button.more_options,More Options,المزيد من الخيارات,Weitere Optionen,Más opciones,Más opciones,Plus d'options,अधिक विकल्प,Opsi Lainnya,Più opzioni,その他のオプション,ជម្រើសច្រើនទៀត,추가 옵션,Więcej opcji,Mais opções,ตัวเลือกเพิ่มเติม,Tùy chọn khác,更多选择
button.move_to_bin,Move to bin,الانتقال إلى سلة المهملات,In den Papierkorb verschieben,Mover a la papelera,Mover a la papelera,Déplacer vers la corbeille,बिन में ले जाएँ,Pindah ke tempat sampah,Sposta nel cestino,ビンに移動,ផ្លាស់ទីទៅធុង,휴지통으로 이동,Przenieś do kosza,Mover para a lixeira,ย้ายไปที่ถังขยะ,Chuyển vào thùng rác,移至垃圾箱
button.new_story,New Story,قصة جديدة,Neue Geschichte,Nueva historia,Nueva historia,Nouvelle histoire,नई कहानी,Cerita Baru,Nuova storia,新しい物語,រឿងថ្មី។,새로운 이야기,Nowa historia,Nova história,เรื่องใหม่,Truyện mới,新故事
button.open,Open,يفتح,Offen,Abierto,Abierto,Ouvrir,खुला,Membuka,Aprire,開ける,បើក,열려 있는,Otwarte,Abrir,เปิด,Mở,打开
button.pin_to_home,Pin to home,دبوس إلى المنزل,An die Startseite anpinnen,Fijar en casa,Fijar en casa,Épingler à la maison,घर पर पिन करें,Sematkan ke rumah,Aggiungi a casa,ホームにピン留めする,ខ្ទាស់ទៅផ្ទះ,집에 고정,Przypnij do domu,Fixar na página inicial,ปักหมุดที่บ้าน,Ghim vào nhà,固定到主页
button.put_back,Put back,أعد,Zurücklegen,Volver,Volver,Remettre,पहली अवस्था में लाना,Kembali,Rimetti a posto,元に戻す,ដាក់មកវិញ,다시 넣어,Położyć z powrotem,Colocar de volta,ใส่กลับ,Đặt lại,放回去
button.restore,Restore,يعيد,Wiederherstellen,Restaurar,Restaurar,Restaurer,पुनर्स्थापित करना,Memulihkan,Ripristinare,復元する,ស្តារ,복원하다,Przywrócić,Restaurar,คืนค่า,Khôi phục,恢复
button.restore_this_version,Restore this version,استعادة هذا الإصدار,Stellen Sie diese Version wieder her,Restaurar esta versión,Restaurar esta versión,Restaurer cette version,इस संस्करण को पुनर्स्थापित करें,Pulihkan versi ini,Ripristina questa versione,このバージョンを復元する,ស្តារកំណែនេះ។,이 버전을 복원하세요,Przywróć tę wersję,Restaurar esta versão,คืนค่าเวอร์ชันนี้,Khôi phục phiên bản này,恢复此版本
button.save,Save,يحفظ,Speichern,Ahorrar,Ahorrar,Sauvegarder,बचाना,Menyimpan,Salva,保存,រក្សាទុក,구하다,Ratować,Salvar,บันทึก,Cứu,节省
button.search,Search,يبحث,Suchen,Buscar,Buscar,Recherche,खोज,Mencari,Ricerca,検索,ស្វែងរក,찾다,Szukaj,Procurar,ค้นหา,Tìm kiếm,搜索
button.set_feeling,Set Feeling,ضبط الشعور,Gefühl einstellen,Establecer sentimiento,Establecer sentimiento,Définir le sentiment,भावना सेट करें,Atur Perasaan,Imposta sentimento,セットフィーリング,កំណត់អារម្មណ៍,느낌 설정,Ustaw uczucie,Definir sentimento,กำหนดความรู้สึก,Đặt cảm giác,设定感觉
button.sign_in,Sign In,تسجيل الدخول,Anmelden,Iniciar sesión,Iniciar sesión,Se connecter,दाखिल करना,Masuk,Registrazione,サインイン,ចូល,로그인,Zalogować się,Entrar,เข้าสู่ระบบ,Đăng nhập,登入
button.sign_out,Sign Out,تسجيل الخروج,Abmelden,Desconectar,Desconectar,Se déconnecter,साइन आउट,Keluar,Disconnessione,サインアウト,ចេញ,로그아웃,Wyloguj się,Sair,ออกจากระบบ,Đăng xuất,登出
button.star,Star,نجم,Stern,Estrella,Estrella,Étoile,तारा,Bintang,Stella,星,តារា,별,Gwiazda,Estrela,ดาว,Ngôi sao,星星
button.switch,Switch,يُحوّل,Schalten,Cambiar,Cambiar,Changer,बदलना,Mengalihkan,Interruttore,スイッチ,ប្តូរ,스위치,Przełącznik,Trocar,สวิตช์,Công tắc,转变
button.sync,Sync,مزامنة,Synchronisieren,Sincronizar,Sincronizar,Synchroniser,साथ-साथ करना,Sinkronisasi,Sincronizzazione,同期,ធ្វើសមកាលកម្ម,동조,Synchronizuj,Sincronizar,ซิงค์,Đồng bộ hóa,同步
button.undo,Undo,تراجع,Rückgängig machen,Deshacer,Deshacer,Défaire,पूर्ववत,Membuka,Disfare,元に戻す,មិនធ្វើវិញ,끄르다,Anulować,Desfazer,เลิกทำ,Hoàn tác,撤消
button.unpin_from_home,Unpin from home,قم بإلغاء التثبيت من المنزل,Von zu Hause aus lösen,Desanclar desde casa,Desanclar desde casa,Retirer l'épingle de chez moi,घर से अनपिन करें,Lepas pin dari rumah,Sblocca da casa,ホームからのピン留めを解除する,ដកខ្ទាស់ពីផ្ទះ,집에서 고정 해제,Odepnij od domu,Soltar de casa,เลิกปักหมุดจากที่บ้าน,Bỏ ghim khỏi nhà,从家里取消固定
button.update,Update,تحديث,Aktualisieren,Actualizar,Actualizar,Mise à jour,अद्यतन,Memperbarui,Aggiornamento,アップデート,ធ្វើបច្ចុប្បន្នភាព,업데이트,Aktualizacja,Atualizar,อัปเดต,Cập nhật,更新
button.upload_to_google_drive,Upload to Google Drive,تحميل إلى جوجل درايف,Auf Google Drive hochladen,Subir a Google Drive,Subir a Google Drive,Télécharger sur Google Drive,गूगल ड्राइव पर अपलोड करें,Unggah ke Google Drive,Carica su Google Drive,Googleドライブにアップロードする,បង្ហោះទៅ Google Drive,Google 드라이브에 업로드,Prześlij na Dysk Google,Carregar para o Google Drive,อัปโหลดไปยัง Google ไดรฟ์,Tải lên Google Drive,上传至 Google 云端硬盘
button.view,View,منظر,Sicht,Vista,Vista,Voir,देखना,Melihat,Visualizzazione,ビュー,មើល,보다,Pogląd,Visualizar,ดู,Xem,看法
dialog.are_you_sure_to_delete_these_stories.message,You can't undo this action,لا يمكنك التراجع عن هذا الإجراء,Sie können diese Aktion nicht rückgängig machen,No puedes deshacer esta acción,No puedes deshacer esta acción,Vous ne pouvez pas annuler cette action,आप इस क्रिया को पूर्ववत नहीं कर सकते,Anda tidak dapat membatalkan tindakan ini,Non puoi annullare questa azione,この操作を元に戻すことはできません,អ្នក​មិន​អាច​មិន​ធ្វើ​សកម្មភាព​នេះ​វិញ​ទេ។,이 작업은 실행취소할 수 없습니다.,Tej czynności nie można cofnąć,Você não pode desfazer esta ação,คุณไม่สามารถยกเลิกการกระทำนี้ได้,Bạn không thể hoàn tác hành động này,您无法撤消此操作
dialog.are_you_sure_to_delete_these_stories.title,Are you sure to delete these stories?,هل أنت متأكد من حذف هذه القصص؟,"Sind Sie sicher, dass Sie diese Geschichten löschen?",¿Estás seguro de eliminar estas historias?,¿Estás seguro de eliminar estas historias?,Êtes-vous sûr de supprimer ces histoires ?,क्या आप निश्चित रूप से इन कहानियों को हटा देंगे?,Apakah Anda yakin akan menghapus cerita ini?,Sei sicuro di eliminare queste storie?,これらのストーリーを削除してもよろしいですか?,តើអ្នកប្រាកដក្នុងការលុបរឿងទាំងនេះទេ?,이 스토리를 삭제하시겠습니까?,Czy na pewno chcesz usunąć te historie?,Tem certeza de que deseja excluir essas histórias?,คุณแน่ใจหรือว่าจะลบเรื่องราวเหล่านี้?,Bạn có chắc chắn xóa những câu chuyện này?,您确定要删除这些故事吗？
dialog.are_you_sure_to_delete_this_backup.message,You can't undo this action,لا يمكنك التراجع عن هذا الإجراء,Sie können diese Aktion nicht rückgängig machen,No puedes deshacer esta acción,No puedes deshacer esta acción,Vous ne pouvez pas annuler cette action,आप इस क्रिया को पूर्ववत नहीं कर सकते,Anda tidak dapat membatalkan tindakan ini,Non puoi annullare questa azione,この操作を元に戻すことはできません,អ្នក​មិន​អាច​មិន​ធ្វើ​សកម្មភាព​នេះ​វិញ​ទេ។,이 작업은 실행취소할 수 없습니다.,Tej czynności nie można cofnąć,Você não pode desfazer esta ação,คุณไม่สามารถยกเลิกการกระทำนี้ได้,Bạn không thể hoàn tác hành động này,您无法撤消此操作
dialog.are_you_sure_to_delete_this_backup.title,Are you sure to delete this backup?,هل أنت متأكد من حذف هذه النسخة الاحتياطية؟,Möchten Sie dieses Backup wirklich löschen?,¿Estás seguro de eliminar esta copia de seguridad?,¿Estás seguro de eliminar esta copia de seguridad?,Êtes-vous sûr de supprimer cette sauvegarde ?,क्या आप निश्चित रूप से इस बैकअप को हटाना चाहते हैं?,Apakah Anda yakin akan menghapus cadangan ini?,Sei sicuro di voler eliminare questo backup?,このバックアップを削除してもよろしいですか?,តើអ្នកប្រាកដក្នុងការលុបការបម្រុងទុកនេះទេ?,이 백업을 삭제하시겠습니까?,Czy na pewno chcesz usunąć tę kopię zapasową?,Tem certeza de que deseja excluir este backup?,คุณแน่ใจหรือว่าจะลบข้อมูลสำรองนี้,Bạn có chắc chắn xóa bản sao lưu này không?,您确定要删除此备份吗？
dialog.are_you_sure_to_delete_this_story.message,You can't undo this action,لا يمكنك التراجع عن هذا الإجراء,Sie können diese Aktion nicht rückgängig machen,No puedes deshacer esta acción,No puedes deshacer esta acción,Vous ne pouvez pas annuler cette action,आप इस क्रिया को पूर्ववत नहीं कर सकते,Anda tidak dapat membatalkan tindakan ini,Non puoi annullare questa azione,この操作を元に戻すことはできません,អ្នក​មិន​អាច​មិន​ធ្វើ​សកម្មភាព​នេះ​វិញ​ទេ។,이 작업은 실행취소할 수 없습니다.,Tej czynności nie można cofnąć,Você não pode desfazer esta ação,คุณไม่สามารถยกเลิกการกระทำนี้ได้,Bạn không thể hoàn tác hành động này,您无法撤消此操作
dialog.are_you_sure_to_delete_this_story.title,Are you sure to delete this story?,هل أنت متأكد من حذف هذه القصة؟,Möchten Sie diese Geschichte wirklich löschen?,¿Estás seguro de eliminar esta historia?,¿Estás seguro de eliminar esta historia?,Êtes-vous sûr de supprimer cette histoire ?,क्या आप निश्चित रूप से इस कहानी को हटाना चाहते हैं?,Apakah Anda yakin akan menghapus cerita ini?,Sei sicuro di eliminare questa storia?,このストーリーを削除してもよろしいですか?,តើអ្នកប្រាកដក្នុងការលុបរឿងនេះទេ?,이 스토리를 삭제하시겠습니까?,Czy na pewno chcesz usunąć tę historię?,Tem certeza de que deseja excluir esta história?,คุณแน่ใจหรือว่าจะลบเรื่องราวนี้?,Bạn có chắc chắn xóa câu chuyện này?,您确定要删除这个故事吗？
dialog.are_you_sure_to_discard_these_changes.title,Are you to discard these changes?,هل ستتجاهل هذه التغييرات؟,Sollen Sie diese Änderungen verwerfen?,¿Debes descartar estos cambios?,¿Debes descartar estos cambios?,Allez-vous abandonner ces changements ?,क्या आपको इन परिवर्तनों को त्यागना होगा?,Apakah Anda akan mengabaikan perubahan ini?,Vuoi scartare queste modifiche?,これらの変更を破棄しますか?,តើអ្នកចង់បោះបង់ការផ្លាស់ប្តូរទាំងនេះទេ?,이 변경사항을 삭제하시겠습니까?,Czy chcesz odrzucić te zmiany?,Você deve descartar essas mudanças?,คุณต้องการยกเลิกการเปลี่ยนแปลงเหล่านี้หรือไม่?,Bạn có muốn loại bỏ những thay đổi này không?,您要放弃这些更改吗？
dialog.error_importing_data_from_legacy_storypad.message,Please contact developer for support & avoid data loss.,يرجى الاتصال بالمطور للحصول على الدعم وتجنب فقدان البيانات.,"Bitte wenden Sie sich an den Entwickler, um Unterstützung zu erhalten und Datenverluste zu vermeiden.",Comuníquese con el desarrollador para obtener asistencia y evitar la pérdida de datos.,Comuníquese con el desarrollador para obtener asistencia y evitar la pérdida de datos.,Veuillez contacter le développeur pour obtenir de l'aide et éviter la perte de données.,कृपया सहायता के लिए डेवलपर से संपर्क करें और डेटा हानि से बचें।,Silakan hubungi pengembang untuk dukungan & hindari kehilangan data.,Contatta lo sviluppatore per ricevere supporto ed evitare la perdita di dati.,サポートについては開発者に連絡し、データ損失を回避してください。,សូមទាក់ទងអ្នកអភិវឌ្ឍន៍សម្រាប់ជំនួយ និងជៀសវាងការបាត់បង់ទិន្នន័យ។,데이터 손실을 방지하고 지원을 받으려면 개발자에게 문의하세요.,"Skontaktuj się z programistą, aby uzyskać pomoc i uniknąć utraty danych.",Entre em contato com o desenvolvedor para obter suporte e evite perda de dados.,โปรดติดต่อนักพัฒนาซอฟต์แวร์เพื่อขอรับการสนับสนุนและหลีกเลี่ยงการสูญเสียข้อมูล,Vui lòng liên hệ với nhà phát triển để được hỗ trợ và tránh mất dữ liệu.,请联系开发人员获取支持并避免数据丢失。
dialog.error_importing_data_from_legacy_storypad.title,Error importing data from previous version!,خطأ في استيراد البيانات من الإصدار السابق!,Fehler beim Importieren von Daten aus der Vorgängerversion!,¡Error al importar datos de la versión anterior!,¡Error al importar datos de la versión anterior!,Erreur lors de l'importation des données de la version précédente !,पिछले संस्करण से डेटा आयात करने में त्रुटि!,Terjadi kesalahan saat mengimpor data dari versi sebelumnya!,Errore durante l'importazione dei dati dalla versione precedente!,以前のバージョンからのデータのインポートでエラーが発生しました!,កំហុសក្នុងការនាំចូលទិន្នន័យពីកំណែមុន!,이전 버전에서 데이터를 가져오는 중 오류가 발생했습니다!,Błąd podczas importowania danych z poprzedniej wersji!,Erro ao importar dados da versão anterior!,เกิดข้อผิดพลาดในการนำเข้าข้อมูลจากเวอร์ชันก่อนหน้า!,Lỗi nhập dữ liệu từ phiên bản trước!,从先前版本导入数据时出错！
dialog.lookings_back.subtitle.one,It's been a day,لقد كان يوما,Es ist ein Tag her,ha sido un día,ha sido un día,ça fait un jour,एक दिन हो गया,Sudah sehari,È passata una giornata,一日が経ちました,មួយថ្ងៃទៅហើយ,하루가 지났어,To był dzień,Já faz um dia,ผ่านไปหนึ่งวันแล้ว,Đã một ngày rồi,已经一天了
dialog.lookings_back.subtitle.other,It's been {} days,لقد مرت {} أيام,Es sind {} Tage vergangen,Han pasado {} días,Han pasado {} días,Cela fait {} jours,{} दिन हो गये,Sudah {} hari,Sono passati {} giorni,{} 日が経過しました,វា​បាន {} ថ្ងៃ​ហើយ។,{}일이 지났습니다,Minęło {} dni,Já se passaram {} dias,ผ่านไปแล้ว {} วัน,Đã {} ngày rồi,已经 {} 天了
dialog.lookings_back.title,Looking back,إذا نظرنا إلى الوراء,Rückblick,mirando hacia atrás,mirando hacia atrás,Regarder en arrière,पीछे मुड़कर,Melihat ke belakang,Guardando indietro,振り返って,សម្លឹងមើលទៅក្រោយ,뒤를 돌아보며,Patrząc wstecz,Olhando para trás,มองย้อนกลับไป,Nhìn lại,回顾过去
dialog.what_should_i_call_you.message,What should I call you?,ماذا يجب أن أتصل بك؟,Wie soll ich dich nennen?,¿Cómo debería llamarte?,¿Cómo debería llamarte?,Comment dois-je t'appeler ?,क्या कहकर बुलाऊँ तुम्हें?,Aku harus memanggilmu apa?,Come dovrei chiamarti?,何と呼べばいいでしょうか？,តើខ្ញុំគួរហៅអ្នកថាម៉េច?,뭐라고 불러야 할까요?,Jak mam cię nazywać?,Como devo ligar para você?,ฉันควรจะเรียกคุณว่าอะไร?,Tôi nên gọi bạn là gì đây?,我该怎么称呼你？
dialog.what_should_i_call_you.title,Hello,مرحبًا,Hallo,Hola,Hola,Bonjour,नमस्ते,Halo,Ciao,こんにちは,ជំរាបសួរ,안녕하세요,Cześć,Olá,สวัสดี,Xin chào,你好
general.assets,Assets,أصول,Vermögenswerte,Activos,Activos,Actifs,संपत्ति,Aktiva,Attività,資産,ទ្រព្យសកម្ម,자산,Aktywa,Ativos,สินทรัพย์,Tài sản,资产
general.custom,Custom,مخصص,Brauch,Costumbre,Costumbre,Coutume,रिवाज़,Kebiasaan,Costume,カスタム,ផ្ទាល់ខ្លួន,관습,Zwyczaj,Personalizado,กำหนดเอง,Phong tục,风俗
general.default,Default,تقصير,Standard,Por defecto,Por defecto,Défaut,गलती करना,Bawaan,Predefinito,デフォルト,លំនាំដើម,기본,Domyślny,Padrão,ค่าเริ่มต้น,Mặc định,默认
general.defaults,Defaults,الافتراضيات,Standardeinstellungen,Valores predeterminados,Valores predeterminados,Valeurs par défaut,चूक,Default,Predefiniti,デフォルト,លំនាំដើម,기본값,Domyślne,Padrões,ค่าเริ่มต้น,Mặc định,默认值
general.feeling.annoy_someone,Annoy Someone,إزعاج شخص ما,Jemanden ärgern,Molestar a alguien,Molestar a alguien,Ennuyer quelqu'un,किसी को परेशान करना,Mengganggu Seseorang,Infastidire qualcuno,誰かを困らせる,រំខាននរណាម្នាក់,누군가를 괴롭히다,Zirytować kogoś,Irritar alguém,รบกวนใครสักคน,Làm phiền ai đó,惹恼某人
general.feeling.beaming,Beaming,مبتهجا,Strahlend,Radiante,Radiante,Radieux,बीम करने,Berseri-seri,Raggiante,光る,បន្លឺឡើង,빛나는,Rozpromieniony,Radiante,ยิ้มแย้มแจ่มใส,Rạng rỡ,喜气洋洋
general.feeling.blowing,Blowing,تهب,Blasen,Soplo,Soplo,Souffler,आंधी,Hembusan,Soffiando,吹く,ផ្លុំ,취주,Dmuchanie,Sopro,เป่า,thổi,吹
general.feeling.cheerfulness,Cheerfulness,البهجة,Fröhlichkeit,Alegría,Alegría,Gaieté,उत्साह,Kegembiraan,Allegria,陽気さ,ភាពរីករាយ,쾌활함,Wesołość,Alegria,ความร่าเริง,sự vui vẻ,开朗
general.feeling.confused,Confused,مشوش,Verwirrt,Confundido,Confundido,Confus,अस्पष्ट,Bingung,Confuso,混乱した,ច្របូកច្របល់,혼란스러운,Zdezorientowany,Confuso,สับสน,Bối rối,使困惑
general.feeling.crazy,Crazy,مجنون,Verrückt,Loco,Loco,Fou,पागल,Gila,Pazzo,クレイジー,ឆ្កួត,미친,Zwariowany,Louco,คลั่งไคล้,Điên,疯狂的
general.feeling.crying,Crying,بكاء,Weinen,Llanto,Llanto,Pleurs,रोना,Menangis,Pianto,泣いている,យំ,울음소리,Płacz,Choro,ร้องไห้,Khóc,哭泣
general.feeling.cuteness,Cuteness,الجاذبية,Niedlichkeit,Monería,Monería,La gentillesse,मासूमियत,Kelucuan,Carineria,かわいらしさ,ភាពគួរឱ្យស្រលាញ់,귀여움,Bystrość,Fofura,ความน่ารัก,Tinh khôn,可爱
general.feeling.devil,Devil,شيطان,Teufel,Demonio,Demonio,Diable,शैतान,Iblis,Diavolo,悪魔,អារក្ស,악마,Diabeł,Diabo,ปีศาจ,ác quỷ,魔鬼
general.feeling.disappointed,Disappointed,خائب الأمل,Enttäuscht,Decepcionado,Decepcionado,Déçu,निराश,Kecewa,Deluso,残念だった,ខកចិត្ត,실망한,Zawiedziony,Decepcionado,ที่ผิดหวัง,Thất vọng,失望的
general.feeling.dizzy,Dizzy,دائِخ,Schwindlig,Mareado,Mareado,Vertigineux,चक्कर,Pusing,Dare le vertigini,めまい,វិលមុខ,어지러운,Oszołomiony,Tonto,วิงเวียน,Chóng mặt,晕眩的
general.feeling.downcast,Downcast,مسبل,Niedergeschlagen,Alicaído,Alicaído,Abattu,खिन्न,Sedih,Abbattuto,ダウンキャスト,ធ្លាក់ចុះ,다운캐스트,Przygnębiony,Abatido,ตกต่ำ,chán nản,沮丧
general.feeling.drooling,Drooling,سيلان اللعاب,Sabbern,babeando,babeando,Baver,लार टपकना,Mengiler,Sbavando,よだれをたらす,ស្រក់ទឹកមាត់,침흘림,Ślinienie się,Babando,น้ำลายไหล,Chảy nước dãi,流口水
general.feeling.excited,Excited,متحمس,Aufgeregt,Entusiasmado,Entusiasmado,Excité,उत्साहित,Bersemangat,Eccitato,興奮した,រំភើប,흥분한,Podekscytowany,Excitado,ตื่นเต้น,Hào hứng,兴奋的
general.feeling.expressionless,Expressionless,بدون تعبير,Ausdruckslos,Inexpresivo,Inexpresivo,Sans expression,भावशून्य,Tanpa ekspresi,Inespressivo,無表情,គ្មានការបញ្ចេញមតិ,무표정,Bezwyrazowy,Inexpressivo,ไร้การแสดงออก,Vô cảm,面无表情
general.feeling.fearful,Fearful,خائف,Ängstlich,Temeroso,Temeroso,Craintif,भयभीत,Takut,Timoroso,怖い,ភ័យខ្លាច,두려워,Straszliwy,Medo,ขี้กลัว,Sợ hãi,可怕
general.feeling.flushed,Flushed,مسح,Errötet,sonrojado,sonrojado,Rincé,प्लावित,Memerah,arrossato,フラッシュされた,ហូរ,플러시,Zarumieniony,Corado,ฟลัช,xả nước,酡
general.feeling.getting_rich,Getting Rich,الحصول على الثراء,Reich werden,Hacerse rico,Hacerse rico,Devenir riche,अमीर बनना,Menjadi Kaya,Diventare ricchi,金持ちになる,ក្លាយជាអ្នកមាន,부자가 되기,Bogacenie się,Ficando rico,เริ่มรวย,Làm giàu,致富
general.feeling.grinning_sweat,Grinning Sweat,العرق المبتسم,Grinsender Schweiß,Sudor sonriente,Sudor sonriente,Sueur souriante,मुस्कुराता हुआ पसीना,Menyeringai Keringat,Sudore sorridente,ニヤニヤ汗,ញើសញញឹម,웃는 땀,Szczerzący się pot,Sorrindo Suor,ยิ้มเหงื่อออก,Mồ hôi cười toe toét,咧着嘴笑汗
general.feeling.head_bandage,Head Bandage,ضمادة الرأس,Kopfverband,Vendaje para la cabeza,Vendaje para la cabeza,Bandage de tête,सिर पर पट्टी,Perban Kepala,Benda per la testa,頭の包帯,បង់រុំក្បាល,머리 붕대,Bandaż na głowę,Bandagem de cabeça,ผ้าพันแผลศีรษะ,Băng đầu,头部绷带
general.feeling.in_love,In Love,يعشق,Verliebt,Enamorado,Enamorado,Amoureux,प्यार में,Sedang jatuh cinta,Innamorato,恋愛中,នៅក្នុងសេចក្ដីស្រឡាញ់,사랑에 빠졌다,Zakochany,Apaixonado,ในความรัก,Đang yêu,恋爱
general.feeling.laughter,Laughter,ضحك,Lachen,Risa,Risa,Rire,हँसी,Tawa,Risata,笑い,សំណើច,웃음,Śmiech,Risada,เสียงหัวเราะ,Tiếng cười,笑声
general.feeling.loudly_crying,Loudly Crying,البكاء بصوت عال,Lautes Weinen,Llorando fuerte,Llorando fuerte,Pleurer fort,जोर-जोर से रोना,Menangis dengan Keras,Piangere forte,大声で泣いている,យំខ្លាំងៗ,큰 소리로 울다,Głośny płacz,Chorando alto,ร้องไห้หนักมาก,Khóc Lớn,大声哭泣
general.feeling.lovely,Lovely,محبوب,Schön,Hermoso,Hermoso,Beau,प्यारा,Cantik,Bello,素敵な,គួរឱ្យស្រឡាញ់,사랑스러운,Śliczny,Amável,น่ารัก,Đáng yêu,迷人的
general.feeling.medical_mask,Medical Mask,قناع طبي,Medizinische Maske,Máscara médica,Máscara médica,Masque médical,मेडिकल मास्क,Masker Medis,Maschera medica,医療用マスク,របាំងវេជ្ជសាស្ត្រ,의료용 마스크,Maska medyczna,Máscara Médica,หน้ากากทางการแพทย์,Mặt nạ y tế,医用口罩
general.feeling.mistrust,Mistrust,عدم الثقة,Misstrauen,Desconfianza,Desconfianza,Méfiance,संदेह,Ketidakpercayaan,Diffidare,不信,ការមិនទុកចិត្ត,불신,Nieufność,Desconfiança,ความหวาดระแวง,không tin tưởng,不信任
general.feeling.monocle,Monocle,أحادي,Monokel,Monóculo,Monóculo,Monocle,मोनोकल,Kacamata berlensa,Monocolo,モノクル,ម៉ូណូកូល។,단안경,Monokl,Monóculo,แว่นตาข้างเดียว,Một mắt,单片眼镜
general.feeling.nauseated,Nauseated,قرفان,Übelkeit,náuseas,náuseas,Nauséeux,मिचली,Enek,Nauseato,吐き気がする,ចង្អោរ,메스꺼움,Mdłości,Enjoado,คลื่นไส้,Buồn nôn,恶心
general.feeling.nerd,Nerd,مجتهد,Nerd,Nerd,Nerd,Intello,पढ़ाकू,Orang aneh,Nerd,オタク,Nerd,얼간이,Kujon,Nerd,เนิร์ด,mọt sách,书呆子
general.feeling.nervousness,Nervousness,العصبية,Nervosität,Nerviosismo,Nerviosismo,Nervosité,घबराहट,Gugup,Nervosismo,神経質,ភ័យ,신경질,Nerwowość,Nervosismo,ประหม่า,lo lắng,紧张
general.feeling.neutral,Neutral,حيادي,Neutral,Neutral,Neutral,Neutre,तटस्थ,Netral,Neutro,中性,អព្យាក្រឹត,중립적,Neutralny,Neutro,เป็นกลาง,Trung lập,中性的
general.feeling.positive_feelings,Positive Feelings,مشاعر إيجابية,Positive Gefühle,Sentimientos positivos,Sentimientos positivos,Sentiments positifs,सकारात्मक भावनाएँ,Perasaan Positif,Sentimenti positivi,ポジティブな感情,អារម្មណ៍វិជ្ជមាន,긍정적인 감정,Pozytywne uczucia,Sentimentos Positivos,ความรู้สึกเชิงบวก,Cảm xúc tích cực,积极的情绪
general.feeling.pouting,Pouting,العبوس,Schmollend,haciendo pucheros,haciendo pucheros,Bouder,थपथपाना,Cemberut,Imbronciato,ふくれっ面,មុខមាត់,삐죽삐죽,Dąsanie,Fazendo beicinho,มุ่ย,bĩu môi,撅嘴
general.feeling.really_funny,Really Funny,مضحك حقا,Wirklich lustig,realmente divertido,realmente divertido,Vraiment drôle,वास्तव में अजीब,Sangat lucu,Davvero divertente,本当に面白い,ពិតជាកំប្លែង,정말 재미있다,Naprawdę zabawne,Muito engraçado,ตลกจริงๆ,thực sự hài hước,真的很有趣
general.feeling.rolling_eyes,Rolling Eyes,عيون المتداول,Rollende Augen,ojos en blanco,ojos en blanco,Yeux roulants,आँखें घुमाना,Mata Berputar,Occhi Roteanti,ローリング・アイズ,ភ្នែកវិល,롤링 아이즈,Przewracanie oczami,Olhos revirados,กลอกตา,Đảo mắt,翻白眼
general.feeling.savoring_food,Savoring Food,تذوق الطعام,Essen genießen,Saborear la comida,Saborear la comida,Savourer la nourriture,भोजन का स्वाद लेना,Menikmati Makanan,Assaporare il cibo,食べ物を味わう,អាហារសម្រន់,음식 맛보기,Delektowanie się jedzeniem,Saboreando comida,ลิ้มลองอาหาร,Thưởng thức đồ ăn,品尝美食
general.feeling.serious,Serious,جاد,Ernst,Grave,Grave,Sérieux,गंभीर,Serius,Serio,深刻な,ធ្ងន់ធ្ងរ,심각한,Poważny,Sério,จริงจัง,Nghiêm trọng,严肃的
general.feeling.sleeping,Sleeping,نائم,Schlafen,Durmiendo,Durmiendo,Dormir,सोना,Sedang tidur,Dormire,眠っている,កំពុងដេក,자고 있는,Spanie,Dormindo,นอนหลับ,đang ngủ,睡眠
general.feeling.slightly_smiling,Slightly Smiling,يبتسم قليلا,Leicht lächelnd,Ligeramente sonriendo,Ligeramente sonriendo,Légèrement souriant,थोड़ा मुस्कुराया,Sedikit Tersenyum,Leggermente sorridente,ほんのり微笑む,ញញឹមបន្តិច,살짝 미소 짓는다,Lekko uśmiechnięty,Sorrindo levemente,ยิ้มน้อย,Cười nhẹ,微微一笑
general.feeling.smiling_broadly,Smiling Broadly,ابتسم على نطاق واسع,Breit lächelnd,Sonriendo ampliamente,Sonriendo ampliamente,Sourire largement,मोटे तौर पर मुस्कुराते हुए,Tersenyum Lebar,Sorridendo ampiamente,満面の笑顔,ញញឹមយ៉ាងទូលំទូលាយ,활짝 웃으며,Uśmiechnięty szeroko,Sorrindo amplamente,ยิ้มกว้าง,Cười rộng miệng,笑容满面
general.feeling.smiling_halo,Smiling Halo,هالة مبتسمة,Lächelnder Halo,Halo sonriente,Halo sonriente,Halo souriant,मुस्कुराता हुआ हेलो,Halo Tersenyum,Alone sorridente,スマイリング・ハロー,ញញឹម Halo,웃는 헤일로,Uśmiechnięta Halo,Halo Sorridente,รัศมียิ้ม,Cười hào quang,微笑光环
general.feeling.something_cool,Something Cool,شيء رائع,Etwas Cooles,algo genial,algo genial,Quelque chose de cool,कुछ बढ़िया,Sesuatu yang Keren,Qualcosa di interessante,何かクールなもの,អ្វីមួយដែលត្រជាក់,뭔가 멋진 것,Coś fajnego,Algo legal,บางสิ่งบางอย่างเย็น,Điều gì đó thú vị,很酷的东西
general.feeling.speechlessness,Speechlessness,العجز عن الكلام,Sprachlosigkeit,Sin palabras,Sin palabras,Manque de voix,बेजबानी,Tidak bisa berkata-kata,Senza parole,言葉が出ない,ភាពមិនចេះនិយាយ,말문이 막힘,Brak słów,Sem palavras,การพูดไม่ออก,không nói nên lời,无言以对
general.feeling.suggestive_smile,Suggestive Smile,ابتسامة موحية,Suggestives Lächeln,Sonrisa sugerente,Sonrisa sugerente,Sourire suggestif,विचारोत्तेजक मुस्कान,Senyum Sugestif,Sorriso suggestivo,挑発的な笑顔,ស្នាមញញឹមផ្តល់យោបល់,외설적인 미소,Sugestywny uśmiech,Sorriso Sugestivo,ยิ้มชี้นำ,Nụ cười khêu gợi,暗示性的微笑
general.feeling.tired,Tired,مرهق,Müde,Cansado,Cansado,Fatigué,थका हुआ,Lelah,Stanco,疲れた,អស់កម្លាំង,피곤한,Zmęczony,Cansado,เหนื่อย,Mệt,疲劳的
general.feeling.vomiting,Vomiting,القيء,Erbrechen,Vómitos,Vómitos,Vomissement,उल्टी करना,Muntah,Vomito,嘔吐,ក្អួត,구토,Wymioty,Vômito,อาเจียน,Nôn mửa,呕吐
general.feeling.winking,Winking,الغمز,Zwinkert,Parpadeo,Parpadeo,Clin d'œil,पलक झपकाना,Kedip,Ammiccante,ウインク,ងងិត,윙크,Mrugając,Piscando,การขยิบตา,Nháy mắt,眨眼
general.feeling.worry,Worry,يقلق,Sorge,Preocuparse,Preocuparse,Inquiétude,चिंता,Khawatir,Preoccupazione,心配,បារម្ភ,걱정하다,Martwić się,Preocupar,กังวล,Lo lắng,担心
general.feeling.wow,Wow,رائع,Wow,Guau,Guau,Ouah,बहुत खूब,Wow,Oh,おお,អីយ៉ា,우와,Wow,Uau,ว้าว,Ồ,哇
general.feeling.zany,Zany,مهرج,Verrückt,Loco,Loco,Loufoque,बौड़म,Amat lucu,Folle,ふざけた,ហ្សានី,알랑쇠,Błazen,Doido,ซานี่,Zany,滑稽
general.font_weight.black,Black,أسود,Schwarz,Negro,Negro,Noir,काला,Hitam,Nero,黒,ខ្មៅ,검은색,Czarny,Preto,สีดำ,Đen,黑色的
general.font_weight.bold,Bold,عريض,Deutlich,Atrevido,Atrevido,Audacieux,बोल्ड,Berani,Grassetto,大胆な,ដិត,용감한,Pogrubiony,Audacioso,ตัวหนา,In đậm,大胆的
general.font_weight.extra_bold,Extra-bold,جريئة للغاية,Extra fett,Extra-negrita,Extra-negrita,Extra-audacieux,अतिरिक्त-बोल्ड,Sangat berani,Extra audace,極太,ដិតខ្លាំង,매우 대담한,Bardzo odważne,Extra-negrito,โดดเด่นเป็นพิเศษ,Cực kỳ táo bạo,格外大胆
general.font_weight.extra_light,Extra-light,خفيف للغاية,Extraleicht,Extraligero,Extraligero,Extra-léger,अतिरिक्त प्रकाश,Ekstra ringan,Extraleggero,エクストラライト,ពន្លឺបន្ថែម,초경량,Bardzo lekki,Extraleve,แสงพิเศษ,Siêu nhẹ,超轻
general.font_weight.light,Light,ضوء,Licht,Luz,Luz,Lumière,रोशनी,Lampu,Leggero,ライト,ពន្លឺ,빛,Światło,Luz,แสงสว่าง,Ánh sáng,光
general.font_weight.medium,Medium,واسطة,Medium,Medio,Medio,Moyen,मध्यम,Sedang,Medio,中くらい,មធ្យម,중간,Średni,Médio,ปานกลาง,Trung bình,中等的
general.font_weight.normal,Normal (default,عادي (افتراضي,Normal (Standard).,Normal (predeterminado,Normal (predeterminado,Normal (par défaut,सामान्य (डिफ़ॉल्ट,Biasa (standar,Normale (predefinito,通常（デフォルト）,ធម្មតា (លំនាំដើម,보통(기본값,Normalny (domyślny,Normal (padrão,ปกติ (ค่าเริ่มต้น,Bình thường (mặc định,正常（默认
general.font_weight.semi_bold,Semi-bold,شبه جريئة,Halbfett,Semi-negrita,Semi-negrita,Semi-gras,अर्ध-बोल्ड,Setengah tebal,Semi-audace,半太字,ពាក់កណ្តាលដិត,약간 굵은체,Półpogrubione,Semi-negrito,กึ่งหนา,Nửa đậm,半粗体
general.font_weight.thin,Thin,رفيع,Dünn,Delgado,Delgado,Mince,पतला,Tipis,Magro,薄い,ស្តើង,얇은,Cienki,Afinar,บาง,Gầy,薄的
general.na,N/A,لا يوجد,N / A,N / A,N / A,N / A,एन/ए,T/A,N / A,該当なし,គ្មាន,해당 없음,Nie dotyczy,N / D,ไม่มี,không áp dụng,不适用
general.no_backup_found,No backups found.,لم يتم العثور على نسخ احتياطية.,Keine Backups gefunden.,No se encontraron copias de seguridad.,No se encontraron copias de seguridad.,Aucune sauvegarde trouvée.,कोई बैकअप नहीं मिला.,Tidak ada cadangan yang ditemukan.,Nessun backup trovato.,バックアップが見つかりませんでした。,រកមិនឃើញការបម្រុងទុកទេ។,백업을 찾을 수 없습니다.,Nie znaleziono kopii zapasowych.,Nenhum backup encontrado.,ไม่พบข้อมูลสำรอง,Không tìm thấy bản sao lưu nào.,未找到备份。
general.path_type.archives,Archives,أرشيف,Archiv,Archivo,Archivo,Archives,अभिलेखागार,Arsip,Archivi,アーカイブ,បណ្ណសារ,아카이브,Archiwa,Arquivos,หอจดหมายเหตุ,Lưu trữ,档案
general.path_type.bins,Bins,صناديق,Mülleimer,Contenedores,Contenedores,Bacs,डिब्बे,Tempat sampah,Contenitori,ビン,ធុងសំរាម,쓰레기통,Pojemniki,Caixas,ถังขยะ,Thùng,垃圾箱
general.path_type.docs,Docs,المستندات,Dokumente,Documentos,Documentos,Documents,डॉक्स,dokumen,Documenti,ドキュメント,ឯកសារ,문서,Dokumenty,Documentos,เอกสาร,Tài liệu,文档
general.preferences,Preferences,التفضيلات,Präferenzen,Preferencias,Preferencias,Préférences,प्राथमिकताएँ,Preferensi,Preferenze,設定,ចំណូលចិត្ត,환경설정,Preferencje,Preferências,การตั้งค่า,Tùy chọn,偏好设置
general.recently,Recently,حديثاً,Kürzlich,Recientemente,Recientemente,Récemment,हाल ही में,Baru-baru ini,Recentemente,最近,ថ្មីៗនេះ,최근에,Ostatnio,Recentemente,ล่าสุด,Gần đây,最近
general.required,Required,مطلوب,Erforderlich,Requerido,Requerido,Requis,आवश्यक,Diperlukan,Necessario,必須,ទាមទារ,필수의,Wymagany,Obrigatório,ที่จำเป็น,Yêu cầu,必需的
general.stories,Stories,قصص,Geschichten,Historias,Historias,Histoires,कहानियां,Cerita,Storie,ストーリー,រឿង,스토리,Historie,Histórias,เรื่องราว,Truyện,故事
general.syncing,Syncing...,جارٍ المزامنة...,Synchronisierung...,Sincronizando...,Sincronizando...,Synchronisation...,सिंक हो रहा है...,Menyinkronkan...,Sincronizzazione...,同期中...,កំពុង​ធ្វើ​សមកាលកម្ម...,동기화 중...,Synchronizowanie...,Sincronizando...,กำลังซิงค์...,Đang đồng bộ hóa...,正在同步...
general.tags,Tags,العلامات,Schlagworte,Etiquetas,Etiquetas,Balises,टैग,Tag,Tag,タグ,ស្លាក,태그,Tagi,Etiquetas,แท็ก,Thẻ,标签
general.theme_mode.dark,Dark,مظلم,Dunkel,Oscuro,Oscuro,Sombre,अँधेरा,Gelap,Buio,暗い,ងងឹត,어두운,Ciemny,Escuro,มืด,Tối tăm,黑暗的
general.theme_mode.light,Light,ضوء,Licht,Luz,Luz,Lumière,रोशनी,Lampu,Leggero,ライト,ពន្លឺ,빛,Światło,Luz,แสงสว่าง,Ánh sáng,光
general.theme_mode.system,System,نظام,System,Sistema,Sistema,Système,प्रणाली,Sistem,Sistema,システム,ប្រព័ន្ធ,체계,System,Sistema,ระบบ,Hệ thống,系统
general.unknown,Unknown,مجهول,Unbekannt,Desconocido,Desconocido,Inconnu,अज्ञात,Tidak dikenal,Sconosciuto,未知,មិនស្គាល់,알려지지 않은,Nieznany,Desconhecido,ไม่ทราบ,Không xác định,未知
general.uploaded_to_args,Uploaded to {URL},تم الرفع إلى {URL},Hochgeladen auf {URL},Subido a {URL},Subido a {URL},Téléversé sur {URL},{URL} पर अपलोड किया गया,Diunggah ke {URL},Caricato su {URL},{URL} にアップロードされました,បង្ហោះទៅ {URL},{URL}에 업로드됨,Przesłano na adres {URL},Enviado para {URL},อัปโหลดไปยัง {URL},Đã tải lên {URL},已上传至 {URL}
general.years,Years,سنين,Jahre,Años,Años,Années,साल,Bertahun-tahun,Anni,年,ឆ្នាំ,연령,Lata,Anos,ปี,Năm,年
input.message.already_exist,Already exist!,موجودة بالفعل!,Existiert bereits!,¡Ya existen!,¡Ya existen!,Existe déjà !,पहले से मौजूद है!,Sudah ada!,Esistono già!,すでに存在しています！,មានហើយ!,이미 존재합니다!,Już istnieje!,Já existe!,มีอยู่แล้ว!,Đã tồn tại!,已经存在了！
input.message.invalid,Invalid,غير صالح,Ungültig,Inválido,Inválido,Invalide,अमान्य,Tidak sah,Non valido,無効,មិនត្រឹមត្រូវ,유효하지 않은,Nieważny,Inválido,ไม่ถูกต้อง,Không hợp lệ,无效的
input.message.required,Required,مطلوب,Erforderlich,Requerido,Requerido,Requis,आवश्यक,Diperlukan,Necessario,必須,ទាមទារ,필수의,Wymagany,Obrigatório,ที่จำเป็น,Yêu cầu,必需的
input.nickname.hint,Nickname,كنية,Spitzname,Apodo,Apodo,Surnom,उपनाम,Nama panggilan,Soprannome,ニックネーム,ឈ្មោះហៅក្រៅ,별명,Przydomek,Apelido,ชื่อเล่น,Biệt hiệu,昵称
input.story_search.hint,eg. My home,على سبيل المثال. منزلي,z.B. Mein Zuhause,p.ej. mi casa,p.ej. mi casa,par exemple. Ma maison,जैसे. मेरा घर,misalnya. Rumahku,per esempio. La mia casa,例えば。私の家,ឧ. ផ្ទះរបស់ខ្ញុំ,예. 내 집,np. Mój dom,por exemplo. Minha casa,เช่น บ้านของฉัน,ví dụ. Nhà của tôi,例如。我的家
input.tag.hint,eg. Personal,على سبيل المثال. شخصي,z.B. Persönlich,p.ej. Personal,p.ej. Personal,par exemple. Personnel,जैसे. निजी,misalnya. Pribadi,per esempio. Personale,例えば。個人的,ឧ. ផ្ទាល់ខ្លួន,예. 개인의,np. Osobisty,por exemplo. Pessoal,เช่น ส่วนตัว,ví dụ. Riêng tư,例如。个人的
input.title.hint,Title...,عنوان...,Titel...,Título...,Título...,Titre...,शीर्षक...,Judul...,Titolo...,タイトル...,ចំណងជើង...,제목...,Tytuł...,Título...,ชื่อ...,Tiêu đề...,标题...
input.year.hint,eg. 2004,على سبيل المثال. 2004,z.B. 2004,p.ej. 2004,p.ej. 2004,par exemple. 2004,जैसे. 2004,misalnya. 2004,per esempio. 2004,例えば。 2004年,ឧ. ២០០៤,예. 2004년,np. 2004,por exemplo. 2004,เช่น 2547,ví dụ. 2004,例如。 2004年
list_tile.backup.some_data_has_not_sync_subtitle,Some data hasn't synced yet,لم تتم مزامنة بعض البيانات بعد,Einige Daten wurden noch nicht synchronisiert,Algunos datos aún no se han sincronizado,Algunos datos aún no se han sincronizado,Certaines données n'ont pas encore été synchronisées,कुछ डेटा अभी तक सिंक नहीं हुआ है,Beberapa data belum disinkronkan,Alcuni dati non sono ancora stati sincronizzati,一部のデータはまだ同期されていません,ទិន្នន័យមួយចំនួនមិនទាន់ធ្វើសមកាលកម្មនៅឡើយទេ,일부 데이터가 아직 동기화되지 않았습니다.,Niektóre dane nie zostały jeszcze zsynchronizowane,Alguns dados ainda não foram sincronizados,ข้อมูลบางส่วนยังไม่ได้ซิงค์,Một số dữ liệu chưa được đồng bộ hóa,部分数据尚未同步
list_tile.backup.title,Backups,النسخ الاحتياطية,Backups,Copias de seguridad,Copias de seguridad,Sauvegardes,बैकअप,Cadangan,Backup,バックアップ,ការបម្រុងទុក,백업,Kopie zapasowe,Cópias de segurança,การสำรองข้อมูล,Sao lưu,备份
list_tile.backup.unsignin_subtitle,Sign in to Google Drive,قم بتسجيل الدخول إلى جوجل درايف,Melden Sie sich bei Google Drive an,Iniciar sesión en Google Drive,Iniciar sesión en Google Drive,Connectez-vous à Google Drive,Google Drive में साइन इन करें,Masuk ke Google Drive,Accedi a Google Drive,Google ドライブにサインインする,ចូល Google ថាស,Google 드라이브에 로그인,Zaloguj się na Dysku Google,Faça login no Google Drive,ลงชื่อเข้าใช้ Google ไดรฟ์,Đăng nhập vào Google Drive,登录 Google 云端硬盘
list_tile.biometrics_lock.title,Biometrics Lock,قفل القياسات الحيوية,Biometrie-Sperre,Cerradura biométrica,Cerradura biométrica,Verrouillage biométrique,बायोमेट्रिक्स लॉक,Kunci Biometrik,Blocco biometrico,生体認証ロック,សោជីវមាត្រ,생체 인식 잠금,Blokada biometryczna,Bloqueio biométrico,ล็อคไบโอเมตริกซ์,Khóa sinh trắc học,生物识别锁
list_tile.color_seed.title,Color Seed,بذور اللون,Farbsamen,Semilla de color,Semilla de color,Graine de couleur,रंग बीज,Benih Warna,Seme di colore,カラーシード,ពូជពណ៌,컬러 시드,Nasiona koloru,Semente de Cor,เมล็ดพันธุ์สี,Hạt màu,彩色种子
list_tile.community.title,Community,مجتمع,Gemeinschaft,Comunidad,Comunidad,Communauté,समुदाय,Masyarakat,Comunità,コミュニティ,សហគមន៍,지역 사회,Wspólnota,Comunidade,ชุมชน,Cộng đồng,社区
list_tile.created_at.title,Created,مخلوق,Erstellt,Creado,Creado,Créé,बनाया था,Dibuat,Creato,作成されました,បានបង្កើត,생성됨,Stworzony,Criado,สร้าง,Tạo,已创建
list_tile.export_backup.subtitle,Save stories to your device offline,حفظ القصص على جهازك دون اتصال بالإنترنت,Speichern Sie Geschichten offline auf Ihrem Gerät,Guarde historias en su dispositivo sin conexión,Guarde historias en su dispositivo sin conexión,Enregistrez des histoires sur votre appareil hors ligne,कहानियों को अपने डिवाइस में ऑफ़लाइन सहेजें,Simpan cerita ke perangkat Anda secara offline,Salva storie sul tuo dispositivo offline,ストーリーをオフラインでデバイスに保存する,រក្សាទុករឿងរ៉ាវទៅឧបករណ៍របស់អ្នកដោយគ្មានអ៊ីនធឺណិត,오프라인으로 기기에 스토리 저장,Zapisuj historie na swoim urządzeniu w trybie offline,Salve histórias no seu dispositivo off-line,บันทึกเรื่องราวลงในอุปกรณ์ของคุณแบบออฟไลน์,Lưu câu chuyện vào thiết bị của bạn ngoại tuyến,离线将故事保存到您的设备
list_tile.export_backup.title,Export Backup,تصدير النسخ الاحتياطي,Backup exportieren,Exportar copia de seguridad,Exportar copia de seguridad,Exporter la sauvegarde,बैकअप निर्यात करें,Ekspor Cadangan,Esporta backup,バックアップのエクスポート,នាំចេញការបម្រុងទុក,백업 내보내기,Eksportuj kopię zapasową,Exportar backup,ส่งออกข้อมูลสำรอง,Xuất bản sao lưu,导出备份
list_tile.font_family.title,Font Family,عائلة الخطوط,Schriftfamilie,Familia de fuentes,Familia de fuentes,Famille de polices,फुहारा परिवार,Keluarga Font,Famiglia di caratteri,フォントファミリー,គ្រួសារពុម្ពអក្សរ,글꼴군,Rodzina czcionek,Família de fontes,ครอบครัวแบบอักษร,Họ phông chữ,字体家族
list_tile.font_weight.title,Font Weight,وزن الخط,Schriftstärke,Peso de fuente,Peso de fuente,Poids de la police,फ़ॉन्ट वजन,Berat Font,Peso del carattere,フォントの太さ,ទម្ងន់ពុម្ពអក្សរ,글꼴 두께,Waga czcionki,Peso da fonte,น้ำหนักตัวอักษร,Trọng lượng phông chữ,字体粗细
list_tile.google_drive_api.subtitle_args,{REQUESTS_COUNT} requests,{REQUESTS_COUNT} طلب,{REQUESTS_COUNT} Anfragen,{REQUESTS_COUNT} solicitudes,{REQUESTS_COUNT} solicitudes,{REQUESTS_COUNT} demandes,{REQUESTS_COUNT} अनुरोध,{REQUESTS_COUNT} permintaan,{REQUESTS_COUNT} richieste,{REQUESTS_COUNT} 件のリクエスト,សំណើ {REQUESTS_COUNT},요청 {REQUESTS_COUNT}개,Żądania: {REQUESTS_COUNT},{REQUESTS_COUNT} solicitações,คำขอ {REQUESTS_COUNT} รายการ,{REQUESTS_COUNT} yêu cầu,{REQUESTS_COUNT} 个请求
list_tile.google_drive_api.title,Google Drive API,جوجل درايف API,Google Drive-API,API de Google Drive,API de Google Drive,API Google Drive,गूगल ड्राइव एपीआई,API Google Drive,API di Google Drive,GoogleドライブAPI,Google Drive API,구글 드라이브 API,Interfejs API Dysku Google,API do Google Drive,Google ไดรฟ์ API,API Google Drive,谷歌云端硬盘API
list_tile.import_backup.subtitle,Import backup from your device into {APP_NAME},استيراد نسخة احتياطية من جهازك إلى {APP_NAME},Backup von Ihrem Gerät in {APP_NAME} importieren,Importa una copia de seguridad desde tu dispositivo a {APP_NAME},Importa una copia de seguridad desde tu dispositivo a {APP_NAME},Importer une sauvegarde de votre appareil dans {APP_NAME},अपने डिवाइस से बैकअप को {APP_NAME} में आयात करें,Impor cadangan dari perangkat Anda ke {APP_NAME},Importa il backup dal tuo dispositivo in {APP_NAME},デバイスから {APP_NAME} にバックアップをインポートします,នាំចូលការបម្រុងទុកពីឧបករណ៍របស់អ្នកទៅក្នុង {APP_NAME},기기에서 {APP_NAME}으로 백업 가져오기,Zaimportuj kopię zapasową ze swojego urządzenia do aplikacji {APP_NAME},Importe o backup do seu dispositivo para o {APP_NAME},นำเข้าข้อมูลสำรองจากอุปกรณ์ของคุณไปยัง {APP_NAME},Nhập bản sao lưu từ thiết bị của bạn vào {APP_NAME},将备份从您的设备导入到 {APP_NAME}
list_tile.import_backup.title,Import Backup,استيراد النسخ الاحتياطي,Backup importieren,Importar copia de seguridad,Importar copia de seguridad,Importer une sauvegarde,बैकअप आयात करें,Impor Cadangan,Importa backup,インポートバックアップ,នាំចូលការបម្រុងទុក,백업 가져오기,Importuj kopię zapasową,Importar backup,นำเข้าข้อมูลสำรอง,Nhập bản sao lưu,导入备份
list_tile.licenses.title,Licenses,التراخيص,Lizenzen,Licencias,Licencias,Licences,लाइसेंस,Lisensi,Licenze,ライセンス,អាជ្ញាប័ណ្ណ,라이센스,Licencje,Licenças,ใบอนุญาต,Giấy phép,许可证
list_tile.moved_to_bin_at.title,Moved to bin,تم النقل إلى سلة المهملات,In den Papierkorb verschoben,Movido a la papelera,Movido a la papelera,Déplacé vers la corbeille,बिन में ले जाया गया,Dipindahkan ke tempat sampah,Spostato nel cestino,ビンに移動しました,ផ្លាស់ទីទៅធុងសំរាម,휴지통으로 이동됨,Przeniesiono do kosza,Movido para a lixeira,ย้ายไปถังขยะแล้ว,Đã chuyển vào thùng rác,已移至垃圾箱
list_tile.privacy_policy.title,Privacy & Policy,سياسة الخصوصية,Datenschutzrichtlinie,Política de privacidad,Política de privacidad,Politique de confidentialité,गोपनीयता नीति,Privasi & Kebijakan,Politica sulla riservatezza,プライバシーポリシー,ឯកជនភាព និងគោលការណ៍,개인정보 보호 및 정책,Prywatność i zasady,Política de Privacidade,นโยบายความเป็นส่วนตัว,Quyền riêng tư & Chính sách,隐私政策
list_tile.rate.title,Rate the App,قيم التطبيق,Bewerten Sie die App,Califica la aplicación,Califica la aplicación,Évaluez l'application,एप्लिकेशन की श्रेणी बताओ,Nilai Aplikasinya,Valuta l'app,アプリを評価する,វាយតម្លៃកម្មវិធី,앱 평가,Oceń aplikację,Avalie o aplicativo,ให้คะแนนแอป,Đánh giá ứng dụng,评价应用程序
list_tile.source_code.title,Source Code,كود المصدر,Quellcode,Código fuente,Código fuente,Code source,सोर्स कोड,Kode Sumber,Codice sorgente,ソースコード,កូដប្រភព,소스 코드,Kod źródłowy,Código Fonte,ซอร์สโค้ด,Mã nguồn,源代码
list_tile.story_date.title,Story Date,تاريخ القصة,Story-Datum,Fecha de la historia,Fecha de la historia,Date de l'histoire,कहानी दिनांक,Tanggal Cerita,Data della storia,ストーリーの日付,កាលបរិច្ឆេទរឿង,이야기 날짜,Data historii,Data da história,เรื่องราว วันที่,Ngày kể chuyện,故事日期
list_tile.theme_mode.title,Theme Mode,وضع الموضوع,Themenmodus,Modo temático,Modo temático,Mode Thème,थीम मोड,Modus Tema,Modalità tema,テーマモード,របៀបស្បែក,테마 모드,Tryb tematyczny,Modo Tema,โหมดธีม,Chế độ chủ đề,主题模式
list_tile.updated_at.title,Updated,تم التحديث,Aktualisiert,Actualizado,Actualizado,Mis à jour,अद्यतन,Diperbarui,Aggiornato,更新されました,បានធ្វើបច្ចុប្បន្នភាព,업데이트됨,Zaktualizowano,Atualizado,อัปเดตแล้ว,Đã cập nhật,已更新
list_tile.use_this_font.loreum_ipsum,"Lorem ipsum dolor sit amet, consectetur adipiscing elit. Nulla nec purus feugiat, molestie ipsum et, consequat nunc.",لوريم إيبسوم دولور سيت أميت، consectetur adipiscing إيليت. Nulla nec Purus feugiat، molestie ipsum et، consequat nunc.,"Lorem ipsum dolor sit amet, consectetur adipiscing elit. Nulla nec purus feugiat, molestie ipsum et, consequat nunc.","Lorem ipsum dolor sit amet, consectetur adipiscing elit. Nulla nec purus feugiat, molestie ipsum et, consequat nunc.","Lorem ipsum dolor sit amet, consectetur adipiscing elit. Nulla nec purus feugiat, molestie ipsum et, consequat nunc.","Lorem ipsum dolor sit amet, consectetur adipiscing elit. Nulla nec purus feugiat, molestie ipsum et, consequat nunc.","लोरेम इप्सम डोलर सिट अमेट, कंसेक्टेचर एडिपिसिंग एलीट। नुल्ला नेक पुरुस फ्यूगियाट, मोलेस्टी इप्सम एट, परिणामी नंक।","Lorem ipsum dolor sit amet, consectetur adipiscing elit. Nulla nec purus feugiat, molestie ipsum et, consequat nunc.","Lorem ipsum dolor sit amet, consectetur adipiscing elit. Nulla nec purus feugiat, molestie ipsum et, consequat nunc.","Lorem ipsum dolor sit amet, consectetur adipiscing elit.ヌラネックプルスフェウジット、モルスティイプサムなど、結果はヌンクです。","Lorem ipsum dolor sit amet, consectetur adipiscing elit ។ Nulla nec purus feugiat, molestie ipsum et, consequat nunc ។","Lorem ipsum dolor sit amet, consectetur adipiscing elit. Nulla nec purus feugiat, Molestie ipsum et, consequat nunc.","Lorem ipsum dolor sit amet, consectetur adipiscing elita. Nulla nec purus feugiat, molestie ipsum et, consequat nunc.","Lorem ipsum dolor sit amet, consectetur adipiscing elit. Nulla nec purus feugiat, molestie ipsum et, consequat nunc.","Lorem ipsum dolor นั่ง amet, consectetur adipiscing elit. Nulla nec purus feugiat, molestie ipsum et, consequat nunc.","Lorem ipsum dolor sit amet, consectetur adipiscing elit. Nulla nec purus feugiat, molestie ipsum et, consequat Nunc.",Lorem ipsum dolor sat amet，consectetur adipiscing elit。 Nulla nec purus feugiat、molestie ipsum et、consequat nunc。
list_tile.use_this_font.title,Use this font,استخدم هذا الخط,Verwenden Sie diese Schriftart,Usa esta fuente,Usa esta fuente,Utilisez cette police,इस फ़ॉन्ट का प्रयोग करें,Gunakan font ini,Usa questo carattere,このフォントを使用してください,ប្រើពុម្ពអក្សរនេះ។,이 글꼴을 사용하세요,Użyj tej czcionki,Use esta fonte,ใช้แบบอักษรนี้,Sử dụng phông chữ này,使用此字体
page.add_year.title,Add Year,أضف سنة,Jahr hinzufügen,Agregar año,Agregar año,Ajouter une année,वर्ष जोड़े,Tambahkan Tahun,Aggiungi anno,年を追加,បន្ថែមឆ្នាំ,연도 추가,Dodaj rok,Adicionar ano,เพิ่มปี,Thêm năm,添加年份
page.archive_or_bin.title,Archives / Bins,المحفوظات / صناديق,Archive / Behälter,Archivos / Papeleras,Archivos / Papeleras,Archives / Poubelles,पुरालेख / डिब्बे,Arsip / Tempat Sampah,Archivi/Cestini,アーカイブ / ビン,បណ្ណសារ / ធុង,아카이브/빈,Archiwa / Kosze,Arquivos / Caixas,หอจดหมายเหตุ/ถังขยะ,Lưu trữ / Thùng,档案/垃圾箱
page.backups.title,Backups,النسخ الاحتياطية,Backups,Copias de seguridad,Copias de seguridad,Sauvegardes,बैकअप,Cadangan,Backup,バックアップ,ការបម្រុងទុក,백업,Kopie zapasowe,Cópias de segurança,การสำรองข้อมูล,Sao lưu,备份
page.changes_history.title,Changes History,تاريخ التغييرات,Änderungsverlauf,Historial de cambios,Historial de cambios,Historique des modifications,इतिहास बदलता है,Mengubah Riwayat,Cambia la storia,変更履歴,ការផ្លាស់ប្តូរប្រវត្តិ,변경 내역,Historia zmian,Histórico de alterações,ประวัติการเปลี่ยนแปลง,Lịch sử thay đổi,变更历史
page.changes_history.too_many_changes_warning_message,"You have {CHANGES_COUNT} changes stored, using a lot of space. You should remove some.",لديك {CHANGES_COUNT} من التغييرات المخزنة، باستخدام مساحة كبيرة. يجب عليك إزالة بعض.,"Sie haben {CHANGES_COUNT} Änderungen gespeichert, die viel Speicherplatz beanspruchen. Sie sollten einige entfernen.","Tienes {CHANGES_COUNT} cambios almacenados, usando mucho espacio. Deberías quitar algunos.","Tienes {CHANGES_COUNT} cambios almacenados, usando mucho espacio. Deberías quitar algunos.","Vous avez stocké {CHANGES_COUNT} modifications, ce qui utilise beaucoup d'espace. Vous devriez en supprimer.","आपके पास बहुत अधिक स्थान का उपयोग करते हुए, {CHANGES_COUNT} परिवर्तन संग्रहीत हैं। आपको कुछ हटा देना चाहिए.",Anda menyimpan {CHANGES_COUNT} perubahan dan menggunakan banyak ruang. Anda harus menghapus beberapa.,"Hai {CHANGES_COUNT} modifiche memorizzate, utilizzando molto spazio. Dovresti rimuoverne alcuni.",{CHANGES_COUNT} 件の変更が保存されており、多くのスペースを使用しています。一部を削除する必要があります。,អ្នកមានការផ្លាស់ប្តូរ {CHANGES_COUNT} ត្រូវបានរក្សាទុក ដោយប្រើកន្លែងទំនេរច្រើន។ អ្នកគួរតែដកចេញខ្លះ។,많은 공간을 사용하여 {CHANGES_COUNT}개의 변경사항이 저장되었습니다. 일부를 제거해야 합니다.,"Masz zapisane zmiany ({CHANGES_COUNT}), które zajmują dużo miejsca. Powinieneś usunąć niektóre.","Você tem {CHANGES_COUNT} alterações armazenadas, ocupando muito espaço. Você deveria remover alguns.",คุณจัดเก็บการเปลี่ยนแปลงไว้ {CHANGES_COUNT} รายการ โดยใช้พื้นที่มาก คุณควรลบบางส่วนออก,"Bạn đã lưu trữ {CHANGES_COUNT} thay đổi, sử dụng nhiều dung lượng. Bạn nên loại bỏ một số.",您已存储 {CHANGES_COUNT} 项更改，占用了大量空间。你应该删除一些。
page.edit_tag.title,New Tag,علامة جديدة,Neuer Tag,Nueva etiqueta,Nueva etiqueta,Nouvelle balise,नया टैग,Label Baru,Nuova etichetta,新しいタグ,ស្លាកថ្មី។,새 태그,Nowy znacznik,Nova etiqueta,แท็กใหม่,Thẻ mới,新标签
page.fonts.title,Fonts,الخطوط,Schriftarten,Fuentes,Fuentes,Polices,फ़ॉन्ट्स,font,Caratteri,フォント,ពុម្ពអក្សរ,글꼴,Czcionki,Fontes,แบบอักษร,Phông chữ,字体
page.home.app_bar.hello_nickname,Hello {NICKNAME},مرحبًا {NICKNAME},Hallo {NICKNAME},Hola {APODO},Hola {APODO},Bonjour {NICKNAME},नमस्ते {उपनाम},Halo {NICKNAME},Ciao {NICKNAME},こんにちは、{ニックネーム},សួស្តី {NICKNAME},"안녕하세요, {NICKNAME}님",Witaj {NICKNAME},Olá {NICKNAME},สวัสดี {NICKNAME},Xin chào {NICKNAME},你好{昵称}
page.home.app_bar.messages.ready_to_syn_data,Ready to sync your data?,هل أنت مستعد لمزامنة بياناتك؟,"Sind Sie bereit, Ihre Daten zu synchronisieren?",¿Listo para sincronizar tus datos?,¿Listo para sincronizar tus datos?,Prêt à synchroniser vos données ?,क्या आप अपना डेटा सिंक करने के लिए तैयार हैं?,Siap menyinkronkan data Anda?,Pronto a sincronizzare i tuoi dati?,データを同期する準備はできましたか?,ត្រៀមខ្លួនធ្វើសមកាលកម្មទិន្នន័យរបស់អ្នកហើយឬនៅ?,데이터를 동기화할 준비가 되셨나요?,Gotowy do synchronizacji danych?,Pronto para sincronizar seus dados?,พร้อมที่จะซิงค์ข้อมูลของคุณแล้วหรือยัง?,Sẵn sàng đồng bộ hóa dữ liệu của bạn?,准备好同步您的数据了吗？
page.home.app_bar.messages.we_syncing_ur_data,We're syncing your data,نحن نقوم بمزامنة بياناتك,Wir synchronisieren Ihre Daten,Estamos sincronizando tus datos,Estamos sincronizando tus datos,Nous synchronisons vos données,हम आपका डेटा सिंक कर रहे हैं,Kami sedang menyinkronkan data Anda,Stiamo sincronizzando i tuoi dati,データを同期しています,យើងកំពុងធ្វើសមកាលកម្មទិន្នន័យរបស់អ្នក។,데이터를 동기화하는 중입니다,Synchronizujemy Twoje dane,Estamos sincronizando seus dados,เรากำลังซิงค์ข้อมูลของคุณ,Chúng tôi đang đồng bộ hóa dữ liệu của bạn,我们正在同步您的数据
page.home.app_bar.messages.what_in_ur_mind,What did you have in mind?,ماذا كان يدور في ذهنك؟,Was hatten Sie im Sinn?,¿Qué tenías en mente?,¿Qué tenías en mente?,Qu’avais-tu en tête ?,आप के मन में क्या था?,Apa yang ada dalam pikiranmu?,Cosa avevi in ​​mente?,何を考えていましたか？,តើ​អ្នក​មាន​អ្វី​ក្នុង​ចិត្ត?,무엇을 염두에 두셨나요?,Co miałeś na myśli?,O que você tem em mente?,คุณมีอะไรอยู่ในใจ?,Bạn đã nghĩ gì?,你有什么想法？
page.home.empty_message,Please click on {EDIT_BUTTON} to add story to {YEAR}.,برجاء النقر على {EDIT_BUTTON} لإضافة قصة إلى {YEAR}.,"Bitte klicken Sie auf {EDIT_BUTTON}, um die Geschichte zu {YEAR} hinzuzufügen.",Haga clic en {EDIT_BUTTON} para agregar una historia a {YEAR}.,Haga clic en {EDIT_BUTTON} para agregar una historia a {YEAR}.,Veuillez cliquer sur {EDIT_BUTTON} pour ajouter une histoire à {YEAR}.,कृपया {YEAR} में कहानी जोड़ने के लिए {EDIT_BUTTON} पर क्लिक करें।,Silakan klik {EDIT_BUTTON} untuk menambahkan cerita ke {YEAR}.,Fai clic su {EDIT_BUTTON} per aggiungere una storia a {YEAR}.,{EDIT_BUTTON} をクリックしてストーリーを {YEAR} に追加してください。,សូមចុចលើ {EDIT_BUTTON} ដើម្បីបន្ថែមរឿងទៅ {YEAR}។,{YEAR}에 스토리를 추가하려면 {EDIT_BUTTON}을 클릭하세요.,"Kliknij {EDIT_BUTTON}, aby dodać historię do roku {YEAR}.",Clique em {EDIT_BUTTON} para adicionar uma história a {YEAR}.,โปรดคลิก {EDIT_BUTTON} เพื่อเพิ่มเรื่องราวให้กับ {YEAR},Vui lòng nhấp vào {EDIT_BUTTON} để thêm câu chuyện vào {YEAR}.,请点击 {EDIT_BUTTON} 将故事添加到 {YEAR}。
page.language.title,Language,لغة,Sprache,Idioma,Idioma,Langue,भाषा,Bahasa,Lingua,言語,ភាសា,언어,Język,Linguagem,ภาษา,Ngôn ngữ,语言
page.library.empty_message,Photos will appear here.,سوف تظهر الصور هنا.,Fotos werden hier angezeigt.,Las fotos aparecerán aquí.,Las fotos aparecerán aquí.,Les photos apparaîtront ici.,तस्वीरें यहां दिखाई देंगी.,Foto akan muncul di sini.,Le foto appariranno qui.,ここに写真が表示されます。,រូបថតនឹងបង្ហាញនៅទីនេះ។,여기에 사진이 표시됩니다.,Tutaj pojawią się zdjęcia.,As fotos aparecerão aqui.,รูปภาพจะปรากฏที่นี่,Hình ảnh sẽ xuất hiện ở đây.,照片将出现在这里。
page.library.title,Library,مكتبة,Bibliothek,Biblioteca,Biblioteca,Bibliothèque,पुस्तकालय,Perpustakaan,Biblioteca,図書館,បណ្ណាល័យ,도서관,Biblioteka,Biblioteca,ห้องสมุด,Thư viện,图书馆
page.library.title_with_app_name,StoryPad Library,مكتبة ستوري باد,StoryPad-Bibliothek,Biblioteca StoryPad,Biblioteca StoryPad,Bibliothèque StoryPad,स्टोरीपैड लाइब्रेरी,Perpustakaan StoryPad,Biblioteca StoryPad,StoryPad ライブラリ,បណ្ណាល័យ StoryPad,스토리패드 라이브러리,Biblioteka StoryPad'a,Biblioteca do StoryPad,ไลบรารีสตอรี่แพด,Thư viện StoryPad,StoryPad 库
page.new_tag.title,Edit Tag,تحرير العلامة,Tag bearbeiten,Editar etiqueta,Editar etiqueta,Modifier la balise,टैग संपादित करें,Sunting Tandai,Modifica etichetta,タグの編集,កែសម្រួលស្លាក,태그 편집,Edytuj tag,Editar etiqueta,แก้ไขแท็ก,Chỉnh sửa thẻ,编辑标签
page.offline_backup.title,Offline backup,النسخ الاحتياطي دون اتصال,Offline-Backup,Copia de seguridad sin conexión,Copia de seguridad sin conexión,Sauvegarde hors ligne,ऑफ़लाइन बैकअप,Pencadangan offline,Backup non in linea,オフラインバックアップ,ការបម្រុងទុកក្រៅបណ្តាញ,오프라인 백업,Kopia zapasowa offline,Backup off-line,การสำรองข้อมูลออฟไลน์,Sao lưu ngoại tuyến,离线备份
page.search_filter.title,Filter,فلتر,Filter,Filtrar,Filtrar,Filtre,फ़िल्टर,Menyaring,Filtro,フィルター,តម្រង,필터,Filtr,Filtro,กรอง,Lọc,筛选
page.search.title,Search,يبحث,Suchen,Buscar,Buscar,Recherche,खोज,Mencari,Ricerca,検索,ស្វែងរក,찾다,Szukaj,Procurar,ค้นหา,Tìm kiếm,搜索
page.tags.empty_message,Tags will appear here,سوف تظهر العلامات هنا,Hier werden Tags angezeigt,Las etiquetas aparecerán aquí,Las etiquetas aparecerán aquí,Les balises apparaîtront ici,टैग यहां दिखाई देंगे,Tag akan muncul di sini,I tag verranno visualizzati qui,ここにタグが表示されます,ស្លាកនឹងបង្ហាញនៅទីនេះ,여기에 태그가 표시됩니다.,Tagi pojawią się tutaj,As tags aparecerão aqui,แท็กจะปรากฏที่นี่,Thẻ sẽ xuất hiện ở đây,标签将出现在这里
page.tags.title,Tags,العلامات,Schlagworte,Etiquetas,Etiquetas,Balises,टैग,Tag,Tag,タグ,ស្លាក,태그,Tagi,Etiquetas,แท็ก,Thẻ,标签
page.theme.title,Theme,سمة,Thema,Tema,Tema,Thème,विषय,Tema,Tema,テーマ,ប្រធានបទ,주제,Temat,Tema,ธีม,chủ đề,主题
plural.day_ago.one,1 day ago,منذ يوم واحد,Vor 1 Tag,Hace 1 día,Hace 1 día,il y a 1 jour,1 दिन पहले,1 hari yang lalu,1 giorno fa,1日前,1 ថ្ងៃមុន។,1일 전,1 dzień temu,1 dia atrás,1 วันที่ผ่านมา,1 ngày trước,1 天前
plural.day_ago.other,{} days ago,{} منذ أيام,Vor {} Tagen,{} días atrás,{} días atrás,il y a {} jours,{} दिन पहले,{} hari yang lalu,{} giorni fa,{} 日前,{} ថ្ងៃមុន។,{}일 전,{} dni temu,{} dias atrás,{} วันที่แล้ว,{} ngày trước,{} 天前
plural.row.one,1 row,1 صف,1 Reihe,1 fila,1 fila,1 rangée,1 पंक्ति,1 baris,1 riga,1行,1 ជួរ,1줄,1 rząd,1 linha,1 แถว,1 hàng,1 行
plural.row.other,1 rows,1 صفوف,1 Reihe,1 filas,1 filas,1 rangées,1 पंक्तियाँ,1 baris,1 righe,1行,1 ជួរ,1줄,1 rzędy,1 linhas,1 แถว,1 hàng,1 行
plural.story.one,1 story,1 قصة,1 Geschichte,1 historia,1 historia,1 histoire,1 कहानी,1 cerita,1 storia,1話,1 រឿង,스토리 1개,1 historia,1 história,1 เรื่อง,1 câu chuyện,1 个故事
plural.story.other,{} stories,{} قصص,{} Geschichten,{} historias,{} historias,{} histoires,{} कहानियाँ,{} cerita,{} storie,{} ストーリー,រឿង {},{} 스토리,{} historie,{} histórias,{} เรื่อง,{} câu chuyện,{} 个故事
snack_bar.archive_success,Archived!,مؤرشف!,Archiviert!,¡Archivado!,¡Archivado!,Archivé !,संग्रहीत!,Diarsipkan!,Archiviato!,アーカイブされました！,ទុកក្នុងប័ណ្ណសារ!,보관되었습니다!,Zarchiwizowane!,Arquivado!,เก็บถาวรแล้ว!,Đã lưu trữ!,已存档！
snack_bar.copy_error_to_clipboard_success,Error code copied to your clipboard!,تم نسخ رمز الخطأ إلى الحافظة الخاصة بك!,Fehlercode in Ihre Zwischenablage kopiert!,¡Código de error copiado en tu portapapeles!,¡Código de error copiado en tu portapapeles!,Code d'erreur copié dans votre presse-papiers !,त्रुटि कोड आपके क्लिपबोर्ड पर कॉपी किया गया!,Kode kesalahan disalin ke clipboard Anda!,Codice errore copiato negli appunti!,エラー コードがクリップボードにコピーされました。,លេខកូដកំហុសត្រូវបានចម្លងទៅក្ដារតម្បៀតខ្ទាស់របស់អ្នក!,오류 코드가 클립보드에 복사되었습니다!,Kod błędu skopiowany do schowka!,Código de erro copiado para sua área de transferência!,คัดลอกรหัสข้อผิดพลาดไปยังคลิปบอร์ดของคุณแล้ว!,Mã lỗi được sao chép vào khay nhớ tạm của bạn!,错误代码已复制到剪贴板！
snack_bar.delete_success,Deleted successfully,تم الحذف بنجاح,Erfolgreich gelöscht,Eliminado exitosamente,Eliminado exitosamente,Supprimé avec succès,सफलतापूर्वक मिटाया गया,Berhasil dihapus,Eliminato con successo,正常に削除されました,បានលុបដោយជោគជ័យ,삭제되었습니다.,Usunięto pomyślnie,Excluído com sucesso,ลบเรียบร้อยแล้ว,Đã xóa thành công,删除成功
snack_bar.empty_or_invalid_file,Empty or invalid file!,ملف فارغ أو غير صالح!,Leere oder ungültige Datei!,¡Archivo vacío o no válido!,¡Archivo vacío o no válido!,Fichier vide ou invalide !,खाली या अमान्य फ़ाइल!,File kosong atau tidak valid!,File vuoto o non valido!,ファイルが空か無効です!,ឯកសារទទេ ឬមិនត្រឹមត្រូវ!,비어 있거나 잘못된 파일입니다!,Pusty lub nieprawidłowy plik!,Arquivo vazio ou inválido!,ไฟล์ว่างเปล่าหรือไม่ถูกต้อง!,Tệp trống hoặc không hợp lệ!,文件为空或无效！
snack_bar.force_restore_success,Backup is restored!,تمت استعادة النسخة الاحتياطية!,Backup ist wiederhergestellt!,¡La copia de seguridad está restaurada!,¡La copia de seguridad está restaurada!,La sauvegarde est restaurée !,बैकअप बहाल हो गया है!,Cadangan dipulihkan!,Il backup è stato ripristinato!,バックアップが復元されました！,ការបម្រុងទុកត្រូវបានស្ដារឡើងវិញ!,백업이 복원되었습니다!,Kopia zapasowa została przywrócona!,O backup foi restaurado!,ข้อมูลสำรองถูกกู้คืนแล้ว!,Bản sao lưu đã được khôi phục!,备份已恢复！
snack_bar.move_to_bin_success,Moved to bin!,تم النقل إلى سلة المهملات!,In den Papierkorb verschoben!,¡Movido a la papelera!,¡Movido a la papelera!,Déplacé vers la poubelle !,बिन में ले जाया गया!,Dipindahkan ke tempat sampah!,Spostato nel cestino!,ビンに移動しました！,ផ្លាស់ទីទៅធុង!,휴지통으로 옮겼어요!,Przeniesiono do kosza!,Movido para o lixo!,ย้ายไปถังขยะ!,Đã chuyển vào thùng rác!,搬到垃圾箱了！
snack_bar.put_back_success,Back in home!,العودة إلى المنزل!,Zurück zu Hause!,¡De vuelta a casa!,¡De vuelta a casa!,De retour à la maison !,घर वापस!,Kembali ke rumah!,Di nuovo a casa!,家に帰りましょう！,ចូលផ្ទះវិញហើយ!,집으로 돌아가세요!,Z powrotem w domu!,De volta a casa!,กลับบ้าน!,Trở về nhà!,回家了！
snack_bar.restore_individual_success,Story restored!,تمت استعادة القصة!,Geschichte wiederhergestellt!,¡Historia restaurada!,¡Historia restaurada!,Histoire restaurée !,कहानी पुनर्स्थापित!,Cerita dipulihkan!,Storia ripristinata!,ストーリーが復活しました！,រឿង​បាន​ស្ដារ​ឡើង​វិញ!,스토리가 복원되었습니다!,Historia przywrócona!,História restaurada!,ฟื้นเรื่องราวแล้ว!,Truyện được khôi phục!,故事还原！